name,business_type,state_registered,street_registered,city_registered,zip5_registered,state_physical,street_physical,city_physical,zip5_physical,filing_number,agent_name,agent_title,raw_physical_address,raw_registered_address
THE TEMPLE LUTHERAN CHURCH OF BROOKLINE,NONPROFIT,NAN,,,,,,,,4578623,,,NAN,
"AMERICAN LEGION HOME ASSOCIATION HUGHESVILLE, PENNSYLVANIA",NONPROFIT,NAN,,,,,,,,4587013,,,NAN,
THE BOROUGH OF SWISSVALE,CORPORATION,PA,,,,,,,,4593778,,,NAN,
TAN ONE,CORPORATION,PA,200 EAST ST STE 105,MEDIA,19063-,PA,1655-A LITIZ PIKE,LANCASTER,17601,4598779,JOHNNY COOL INCORPORATED,OWNER,1655-A LITIZ PIKE LANCASTER PA 17601 LANCASTER,200 EAST ST STE 105 MEDIA PA 19063-
"YOUR BENEFIT CONNECTION, LLC",LLC,AZ,,,,,,,,4606773,,,%CORPORATION SERVICE COMPANY DAUPHIN,
THE ALEXANDRIA PRESBYTERIAN CONGREGATION,NONPROFIT,NAN,311 SHELTON AVENUE,ALEXANDRIA,16611,PA,,,,4608576,CHARLES D. GROVE,TREASURER,PA,311 SHELTON AVENUE ALEXANDRIA PA 16611
SWISS BENEVOLENT SOCIETY OF PHILADELPHIA,NONPROFIT,NAN,,,,,,,,4614913,,,NAN,
VALLEY INN VOLUNTEER FIRE DEPT. OF CARROLL TOWNSHIP,NONPROFIT,NAN,,,,PA,810 DRY RUN RD,MONONGAHELA,15063,4614998,,,810 DRY RUN RD MONONGAHELA PA 15063 WASHINGTON,
THE SUMMIT COUNTRY CLUB,NONPROFIT,NAN,,,,,,,,4616586,,,NAN,
"ENSURIFY INSURANCE AGENCY, INC.",CORPORATION,MA,,,,,,,,4617720,,,"%REGISTERED AGENT SOLUTIONS, INC. DAUPHIN",
"CUSTOM HOT WHIPS, LLC",LLC,NAN,,,,PA,315 EAST WALNUT STREET,LANCASTER,17602,4619665,OLBAL BARRETO,OWNER,315 EAST WALNUT STREET LANCASTER PA 17602 LANCASTER,
AMERICA DREAM CHARITIES,CORPORATION,PA,,,,PA,903 NARROWS RD,EAST MILLSBORO,15433,nan,,,903 NARROWS RD EAST MILLSBORO PA 15433 FAYETTE,
HOLD CREATIVE SYNDICATE,CORPORATION,PA,,,,PA,"1400 N AMERICAN ST, UNIT 310",PHILADELPHIA,19122,4624186,,,"1400 N AMERICAN ST, UNIT 310 PHILADELPHIA PA 19122 PHILADELPHIA",
NAZARETH JACKSONIAN CLUB,NONPROFIT,PA,,,,,,,,4631055,,,NAN,
"GENESIS ADVANCED TECHNOLOGIES, INC.",CORPORATION,TX,,,,PA,1030 E. LANCASTER AVE # 729,BRYN MAWR,19010,4632469,,,1030 E. LANCASTER AVE # 729 BRYN MAWR PA 19010 DELAWARE,
THE BRUSH RUN CEMETERY,NONPROFIT,NAN,,,,,,,,4636738,,,NAN,
